{
  "swagger": "2.0",

	"paths": {
	
		
		"/api/carbonplay/Example/TreeViaRecursion": {

			"get": {
		        "operationId": "exampleTreeViaRecursion",
        		"summary": "Deliver Explain Directory (recursively) as Tree to populate a Carbon TreeView (Approach 1)",
        		"tags" : ["Carbon Examples"],
        		"produces": [
       			   "application/json"
        		],
       			 "consumes": [
          			"application/json"
        		],
        		
        		 "responses": {
			          "200": {
           				 "description": "Example Tree has been delivered via Recursion"
          		 		  },
          		 	  "500": {
	           				 "description": "Internal Server Error"
          		 		  }        
               	}        		
			}

			
			
		},
		
		"/api/carbonplay/Example/TreeViaList": {

			"get": {
		        "operationId": "exampleTreeApproachTwo",
        		"summary": "Deliver an example Tree to populate a Carbon TreeView (Approach 2)",
        		"tags" : ["Carbon Examples"],
        		"produces": [
       			   "application/json"
        		],
       			 "consumes": [
          			"application/json"
        		],
        		
        		 "responses": {
			          "200": {
           				 "description": "Example Tree has been delivered"
          		 		  },
          		 	  "500": {
	           				 "description": "Internal Server Error"
          		 		  }        
               	}        		
			}

			
			
		},
		
		"/api/carbonplay/Example/Tree/Direct/Example": {

			"get": {
		        "operationId": "exampleTreeApproachOne",
        		"summary": "Deliver an example Tree to populate a Carbon TreeView (Approach 1) IDENTICAL-RESULT as TreeViaList",
        		"tags" : ["Carbon Examples"],
        		"produces": [
       			   "application/json"
        		],
       			 "consumes": [
          			"application/json"
        		],
        		
        		 "responses": {
			          "200": {
           				 "description": "Example Tree has been delivered"
          		 		  },
          		 	  "500": {
	           				 "description": "Internal Server Error"
          		 		  }        
               	}        		
			}

			
			
		}		
		
		
					

		
	 },

	"consumes": [
		"application/json"
	]
  
  
}

